{
  "beginner": [
    {
      "content": "The sky is blue."
    },
    {
      "content": "I like the color red."
    },
    {
      "content": "Yellow flowers are pretty."
    },
    {
      "content": "Green grass feels soft."
    },
    {
      "content": "Brown bears live in the forest."
    },
    {
      "content": "Snow is white and cold."
    },
    {
      "content": "My favorite color is pink."
    },
    {
      "content": "The beach has sandy shores."
    },
    {
      "content": "I wear a cozy purple sweater."
    },
    {
      "content": "Gray clouds bring rain."
    },
    {
      "content": "The tulips are pink and yellow."
    },
    {
      "content": "I have a blue backpack."
    },
    {
      "content": "Stars twinkle in the dark sky."
    },
    {
      "content": "Sunflowers are bright yellow."
    },
    {
      "content": "Black cats are cute."
    },
    {
      "content": "The ocean is a beautiful blue."
    },
    {
      "content": "My room has walls painted in a calming green."
    },
    {
      "content": "I enjoy hot cocoa in a brown mug."
    },
    {
      "content": "Autumn leaves turn orange and red."
    },
    {
      "content": "Violet flowers bloom in the garden."
    },
    {
      "content": "My favorite dress is a pretty pink."
    },
    {
      "content": "Colorful balloons make me happy."
    },
    {
      "content": "Daffodils in the garden are yellow."
    },
    {
      "content": "Butterflies have wings in blue and orange."
    },
    {
      "content": "I like soft pastel colors."
    },
    {
      "content": "My room has a rainbow poster."
    },
    {
      "content": "I wear a warm red scarf."
    },
    {
      "content": "Spring flowers come in many colors."
    },
    {
      "content": "Rainbows are beautiful after rain."
    },
    {
      "content": "Fall leaves are orange, yellow, and red."
    },
    {
      "content": "A black and white photo is simple."
    },
    {
      "content": "I like to play with my pet dog in the park."
    },
    {
      "content": "The sun shines brightly in the blue sky."
    },
    {
      "content": "My family and I go for a picnic on weekends."
    },
    {
      "content": "I enjoy reading books under a shady tree."
    },
    {
      "content": "We celebrate birthdays with cake and balloons."
    },
    {
      "content": "I learn new words while reading storybooks."
    },
    {
      "content": "My favorite color is blue, and I like blueberries."
    },
    {
      "content": "We plant flowers in our garden every spring."
    },
    {
      "content": "I ride my bicycle to school every day."
    },
    {
      "content": "The moon is bright in the night sky."
    },
    {
      "content": "I help my mom in the kitchen with cooking."
    },
    {
      "content": "I count the stars before going to bed."
    },
    {
      "content": "We build sandcastles at the beach in summer."
    },
    {
      "content": "My favorite fruit is an apple, and it is red."
    },
    {
      "content": "I brush my teeth every morning and night."
    },
    {
      "content": "I listen to music while doing my homework."
    },
    {
      "content": "We watch movies together as a family."
    },
    {
      "content": "I draw pictures of my family and friends."
    },
    {
      "content": "I play hide and seek with my friends."
    },
    {
      "content": "We go camping in the woods during vacations."
    },
    {
      "content": "I learn about animals at the zoo."
    },
    {
      "content": "My favorite subject in school is mathematics."
    },
    {
      "content": "I wear a raincoat when it's raining outside."
    },
    {
      "content": "I dance to the rhythm of my favorite song."
    },
    {
      "content": "We go on a road trip to explore new places."
    },
    {
      "content": "I share my toys with my younger siblings."
    },
    {
      "content": "My best friend and I play video games together."
    },
    {
      "content": "I learn about different countries on the map."
    },
    {
      "content": "We make snowmen when it snows in winter."
    },
    {
      "content": "I celebrate holidays with my extended family."
    },
    {
      "content": "I write letters to my grandparents."
    },
    {
      "content": "We attend school events and performances."
    },
    {
      "content": "I take photographs to capture special moments."
    },
    {
      "content": "I enjoy eating ice cream on a hot summer day."
    },
    { "content": "I love to eat pizza with my friends." },
    { "content": "My family and I enjoy going to the beach." },
    { "content": "The sun sets beautifully over the mountains." },
    { "content": "Sarah likes to read books before bedtime." },
    { "content": "We often play games in the park." },
    { "content": "The cat sleeps on the cozy blanket." },
    { "content": "John rides his bike to school every day." },
    { "content": "The flowers bloom in springtime." },
    { "content": "Lisa listens to music while doing homework." },
    { "content": "The dog chases its tail in the backyard." },
    { "content": "The rain makes the flowers happy." },
    { "content": "Tim helps his mom in the kitchen." },
    { "content": "Our favorite movie is on TV tonight." },
    { "content": "Birds sing sweetly in the morning." },
    { "content": "The snow falls silently in winter." },
    { "content": "Susan practices playing the guitar." },
    { "content": "The butterfly rests on a colorful flower." },
    { "content": "My sister and I share a bedroom." },
    { "content": "The school bus arrives at 8 a.m." },
    { "content": "David and his brother build a sandcastle." },
    { "content": "The train travels fast on the tracks." },
    { "content": "Anna brushes her teeth before bed." },
    { "content": "The moon shines brightly at night." },
    { "content": "Peter enjoys playing soccer." },
    { "content": "We celebrate birthdays with cake." },
    { "content": "Emily waters the plants every day." },
    { "content": "The baby laughs when tickled." },
    { "content": "Mike wears a blue shirt to school." },
    { "content": "Families gather for holiday dinners." },
    { "content": "The butterfly flies from flower to flower." },
    { "content": "Summer is the best time for ice cream." },
    { "content": "Jack and Jill climb up the hill." },
    { "content": "The clock ticks throughout the day." },
    { "content": "Our cat sleeps in a cozy basket." },
    { "content": "The wind blows gently through the trees." },
    { "content": "Julia writes a letter to her friend." },
    { "content": "The rainbow appears after the rain." },
    { "content": "Mark and his dad go fishing." },
    { "content": "Birds build nests in the trees." },
    { "content": "The fire crackles in the fireplace." },
    { "content": "The baby giggles at funny faces." },
    { "content": "Jenny bakes cookies for the party." },
    { "content": "We sing songs around the campfire." },
    { "content": "The sunflowers turn towards the sun." },
    { "content": "The stars twinkle in the night sky." },
    { "content": "Dogs bark happily in the park." },
    { "content": "Lucy learns to ride her bike." },
    { "content": "Warm soup is perfect for cold days." },
    { "content": "The elephant sprays water with its trunk." },
    { "content": "Andy and Tom play hide-and-seek." },
    { "content": "The teacher writes on the chalkboard." },
    { "content": "The ocean waves crash on the shore." },
    { "content": "Teddy bears are soft and cuddly." },
    { "content": "The rainbow has seven colors." },
    { "content": "Grace enjoys playing the piano." },
    { "content": "Sam and Lily plant a garden." },
    { "content": "The horse runs fast in the field." },
    { "content": "The sun sets behind the mountains." },
    { "content": "A rainbow appears after the storm." },
    { "content": "We go on picnics in the summer." },
    { "content": "The baby sleeps in a crib." },
    { "content": "Peter reads a book under a tree." },
    { "content": "The bus stops at the bus stop." },
    { "content": "The birds chirp early in the morning." },
    { "content": "Johnny and Kate fly a kite." },
    { "content": "The river flows slowly downstream." },
    { "content": "The monkey swings from branch to branch." },
    { "content": "Families gather for Thanksgiving dinner." },
    { "content": "The sunflower follows the sun's path." },
    { "content": "The dog barks at the mailman." },
    { "content": "We decorate the Christmas tree." },
    { "content": "A rainbow forms after the rain." },
    { "content": "The clock strikes twelve at midnight." },
    { "content": "Sarah and Emily build a sandcastle." },
    { "content": "The fire crackles in the fireplace." },
    { "content": "The baby laughs when tickled." },
    { "content": "Jenny bakes cookies for the party." },
    { "content": "We sing songs around the campfire." },
    { "content": "The sunflowers turn towards the sun." },

    { "content": "I like to eat apples and bananas." },
    { "content": "My family and I go to the park on weekends." },
    { "content": "In the winter, I play in the snow and build snowmen." },
    { "content": "I have a red bicycle that I ride to school." },
    { "content": "My favorite subject in school is math." },
    { "content": "I have a teddy bear named Teddy, and we sleep together." },
    { "content": "I learn new words every day to improve my vocabulary." },
    { "content": "My dream is to become a firefighter and help people." },
    { "content": "I enjoy drawing pictures of animals and nature." },
    { "content": "During summer, I swim in the pool to stay cool." },
    {
      "content": "My favorite color is blue, and I have a blue backpack for school."
    },
    { "content": "I enjoy playing with my pet dog in the backyard." },
    {
      "content": "On weekends, I visit my grandparents and listen to their stories."
    },
    { "content": "I practice counting by playing board games with my family." },
    {
      "content": "I like to draw pictures of my family and create a family tree."
    },
    {
      "content": "During holidays, we decorate our home with colorful lights and ornaments."
    },
    {
      "content": "I plant flowers in my garden and watch them bloom in the spring."
    },
    {
      "content": "I have a collection of seashells that I found during beach vacations."
    },
    {
      "content": "My favorite bedtime story is about a magical land filled with talking animals."
    },
    {
      "content": "I learn about different countries by collecting stamps in my passport."
    },
    { "content": "I build forts with blankets and pillows in my room." },
    {
      "content": "In the fall, I gather colorful leaves and make art projects."
    },
    {
      "content": "I practice writing my name and enjoy showing it to my friends."
    },
    { "content": "I like to play hide and seek with my siblings." },
    {
      "content": "I help my mom in the kitchen by stirring and mixing ingredients."
    },
    { "content": "I have a toy robot that I pretend is my assistant." },
    { "content": "I dream of going on a hot air balloon ride." },
    { "content": "I practice saying 'hello' in different languages." },
    {
      "content": "I enjoy watching cartoons and learning new words from them."
    },
    { "content": "I enjoy playing with my friends at the playground." },
    { "content": "I like to eat apples and bananas for a healthy snack." },
    { "content": "My favorite animal is a cat, and I have a pet cat at home." },
    { "content": "I learn my ABCs by singing the alphabet song." },
    { "content": "I wear a red shirt and blue pants to school." },
    { "content": "I brush my teeth every morning and night." },
    { "content": "I celebrate my birthday with a cake and balloons." },
    { "content": "I have a teddy bear that I sleep with every night." },
    { "content": "I ride my bike in the park with my family." },
    { "content": "I like to draw pictures of colorful rainbows." },
    { "content": "I listen to bedtime stories from my parents." },
    { "content": "I play with building blocks to build tall towers." },
    { "content": "I help my mom set the table for dinner." },
    { "content": "I learn new words by reading picture books." },
    { "content": "I wear a hat and sunglasses on sunny days." },
    { "content": "I count my fingers and toes before bedtime." },
    { "content": "I plant flower seeds in the garden." },
    { "content": "I have a favorite superhero that I pretend to be." },
    { "content": "I say 'please' and 'thank you' to be polite." },
    { "content": "I watch cartoons on Saturday mornings." },
    { "content": "I play with my toys in the living room." },
    { "content": "I share my snacks with my friends at school." },
    { "content": "I sing nursery rhymes while swinging on the swing." },
    { "content": "I build sandcastles at the beach." },
    { "content": "I learn about colors by painting with watercolors." },
    { "content": "I say 'goodnight' to the moon before bedtime." },
    { "content": "I wear my raincoat and boots on rainy days." },
    { "content": "I learn to write my name in big letters." },
    { "content": "I eat vegetables to stay healthy." },
    { "content": "I give hugs to my family before going to sleep." },
    {
      "content": "My name is Alex, and I like to play soccer with my friends."
    },
    {
      "content": "On weekends, I enjoy watching cartoons and playing video games."
    },
    { "content": "I have a pet cat named Whiskers, and it's very fluffy." },
    { "content": "In the morning, I usually eat cereal for breakfast." },
    { "content": "I go to school by bus, and my favorite subject is art." },
    { "content": "During the summer, my family and I go to the beach." },
    { "content": "I like to draw pictures of animals and trees." },
    { "content": "My favorite color is blue, and I have a blue backpack." },
    { "content": "I live in a small town with lots of parks." },
    {
      "content": "My mom makes delicious cookies, and I love to help her bake."
    },
    { "content": "I have a bicycle, and I ride it around the neighborhood." },
    {
      "content": "In the winter, I like to build snowmen and have snowball fights."
    },
    { "content": "I want to learn how to play the guitar." },
    {
      "content": "I have a best friend named Sarah, and we play together every day."
    },
    { "content": "My favorite book is about dinosaurs." },
    { "content": "I want to be a firefighter when I grow up." },
    { "content": "My dad takes me to the park to fly kites." },
    { "content": "I like to sing along to my favorite songs." },
    { "content": "I enjoy eating ice cream on hot summer days." },
    { "content": "I like to play hide and seek with my little brother." },
    { "content": "My family and I go on picnics in the park." },
    { "content": "I like to watch cartoons with funny characters." },
    { "content": "I have a toy robot that lights up and makes noises." },
    { "content": "I help my mom water the plants in our garden." },
    { "content": "I like to collect seashells when we visit the beach." },
    {
      "content": "My favorite holiday is Halloween because I get to dress up."
    },
    {
      "content": "I like to play with building blocks and create tall towers."
    },
    { "content": "My grandma bakes the best apple pies." },
    { "content": "I enjoy drawing smiley faces on rainy windows." },
    { "content": "I like to play with my toy cars and create race tracks." },
    { "content": "I have a teddy bear that I sleep with every night." },
    { "content": "I want to learn how to swim." },
    { "content": "I like to watch the stars at night and make wishes." },
    { "content": "I help set the table for dinner." },
    { "content": "I have a collection of colorful stickers." },
    { "content": "I like to jump in puddles after it rains." },
    { "content": "My favorite fruit is watermelon." },
    { "content": "I enjoy playing with my action figures." },
    { "content": "I like to play with my friends at the playground." },
    { "content": "I help my mom make sandwiches for lunch." },
    { "content": "I have a red tricycle that I ride around our driveway." },
    { "content": "I like to pick flowers and make bouquets." },
    { "content": "My favorite bedtime story is about a magical adventure." },
    { "content": "I have a toy train that I love to play with." },
    { "content": "I like to dance to music in the living room." },
    { "content": "I help my dad wash the car on weekends." },
    { "content": "I like to play with my pet hamster." },
    {
      "content": "I have a backpack with my favorite cartoon character on it."
    },
    { "content": "I like to play with my toy truck in the backyard." },
    { "content": "My grandma teaches me how to make delicious pancakes." },
    { "content": "I have a favorite teddy bear that I take with me to bed." },
    { "content": "On weekends, my family and I go for a picnic in the park." },
    { "content": "I enjoy drawing colorful pictures with crayons." },
    { "content": "My mom and I bake cookies together on rainy days." },
    { "content": "I have a small garden where I grow flowers." },
    { "content": "During summer, I love to eat ice cream cones." },
    {
      "content": "My dad and I build forts out of blankets in the living room."
    },
    { "content": "I like to watch cartoons with funny characters." },
    { "content": "I have a pet goldfish named Sparky." },
    { "content": "In the evening, I read bedtime stories with my parents." },
    { "content": "I help my mom set the table for dinner." },
    { "content": "My favorite color is green, like the grass in the park." },
    { "content": "I play with my friends at the neighborhood playground." },
    { "content": "My family and I go on nature hikes in the mountains." },
    { "content": "I have a toy spaceship that I pretend to fly to space." },
    { "content": "I learn new words every day from storybooks." },
    { "content": "I enjoy playing with building blocks and creating towers." },
    { "content": "I have a collection of seashells from the beach." },
    { "content": "I like to sing along to my favorite songs." },
    { "content": "My grandma knitted a cozy sweater for me." },
    { "content": "I help my mom water the plants in our garden." },
    { "content": "I have a toy dinosaur that roars when I press a button." },
    { "content": "In the winter, I build snowmen in the backyard." },
    { "content": "I like to jump in puddles after it rains." },
    {
      "content": "My family and I celebrate birthdays with colorful balloons."
    },
    { "content": "I have a bicycle with training wheels." },
    { "content": "I enjoy playing with my pet rabbit in the yard." },
    { "content": "I like to draw smiley faces on my notebooks." },
    { "content": "My dad and I fly kites in the open field." },
    { "content": "I have a toy robot that lights up and makes sounds." },
    { "content": "I learn about different animals from picture books." },
    { "content": "I help my mom bake cupcakes for special occasions." },
    { "content": "I like to play hide-and-seek with my friends." },
    { "content": "My family and I go on car trips to explore new places." },
    { "content": "I have a small telescope to look at the stars." },
    { "content": "I enjoy playing with my toy cars and creating roads." },
    { "content": "I have a puzzle with colorful pieces." },
    { "content": "I like to wear my favorite superhero costume." },
    { "content": "I learn about shapes and colors in kindergarten." },
    { "content": "I have a toy drum that I play during music time." },
    { "content": "I help my mom make sandwiches for picnics." },
    { "content": "I enjoy playing with my friends at the beach." },
    { "content": "I have a toy phone to pretend to talk to friends." },
    { "content": "I like to collect stickers with cute animals." },
    { "content": "My family and I have a movie night with popcorn." },
    { "content": "I have a diary where I write about my day." },
    { "content": "I help my dad wash the car on sunny days." },
    { "content": "I like to dance to music in the living room." }
  ],
  "intermediate": [
    {
      "content": "Dogs are loyal and friendly pets."
    },
    {
      "content": "Broccoli is a nutritious green vegetable."
    },
    {
      "content": "Bananas are yellow, curved fruit."
    },
    {
      "content": "Cats are playful and independent animals."
    },
    {
      "content": "Carrots are crunchy and orange vegetables."
    },
    {
      "content": "Apples can be red, green, or yellow."
    },
    {
      "content": "Elephants have large ears and tusks."
    },
    {
      "content": "Spinach is a leafy green vegetable."
    },
    {
      "content": "Grapes can be used to make raisins."
    },
    {
      "content": "Penguins waddle and swim in the sea."
    },
    {
      "content": "Cucumbers are great in salads."
    },
    {
      "content": "Oranges are citrus fruits with vitamin C."
    },
    {
      "content": "Lions are majestic and roar loudly."
    },
    {
      "content": "Potatoes can be baked, mashed, or fried."
    },
    {
      "content": "Strawberries are sweet, red berries."
    },
    {
      "content": "Horses can gallop and neigh."
    },
    {
      "content": "Tomatoes are used in salads and sauces."
    },
    {
      "content": "Bluebirds have bright blue feathers."
    },
    {
      "content": "Avocados are creamy and delicious."
    },
    {
      "content": "Peppers come in various colors."
    },
    {
      "content": "Chickens cluck and lay eggs."
    },
    {
      "content": "Broccoli is rich in vitamins and minerals."
    },
    {
      "content": "Cherries can be sweet or tart."
    },
    {
      "content": "Giraffes have long necks and spots."
    },
    {
      "content": "Onions add flavor to many dishes."
    },
    {
      "content": "Rabbits hop and have long ears."
    },
    {
      "content": "Pears are juicy and come in different varieties."
    },
    {
      "content": "Fish swim in rivers, lakes, and oceans."
    },
    {
      "content": "Cauliflowers can be white, purple, or green."
    },
    {
      "content": "Peaches are fuzzy and have a sweet taste."
    },
    {
      "content": "Turtles have a protective shell."
    },
    {
      "content": "Eggplants can be grilled, roasted, or sautéed."
    },
    {
      "content": "Lemons are sour and used in drinks and dishes."
    },
    {
      "content": "Dolphins are intelligent marine mammals."
    },
    {
      "content": "Cabbages are used in salads and coleslaw."
    },
    {
      "content": "Blackberries are juicy and delicious berries."
    },
    {
      "content": "Zebras have black and white stripes."
    },
    {
      "content": "Asparagus is a green, spear-shaped vegetable."
    },
    {
      "content": "Apricots are small, orange fruits."
    },
    {
      "content": "Butterflies have colorful wings."
    },
    {
      "content": "Eagles soar in the sky and have keen eyesight."
    },
    {
      "content": "Artichokes have a tender heart."
    },
    {
      "content": "Watermelons are sweet and hydrating."
    },
    {
      "content": "Owls are nocturnal birds with a hooting sound."
    },
    {
      "content": "Peas are small, green vegetables."
    },
    {
      "content": "Pineapples are tropical fruits with a spiky skin."
    },
    {
      "content": "Squirrels gather and store nuts."
    },
    {
      "content": "Celery is a crunchy and low-calorie vegetable."
    },
    {
      "content": "Raccoons have distinctive facial markings."
    },
    {
      "content": "Mushrooms come in various shapes and sizes."
    },
    {
      "content": "Pears are a good source of dietary fiber."
    },
    {
      "content": "Bees buzz around flowers and make honey."
    },
    {
      "content": "Papayas are tropical fruits with orange flesh."
    },
    {
      "content": "Frogs croak in ponds and wetlands."
    },
    {
      "content": "Radishes add a peppery flavor to salads."
    },
    {
      "content": "Dragonflies have iridescent wings."
    },
    {
      "content": "Cantaloupes are sweet and refreshing."
    },
    {
      "content": "Cows moo and provide milk."
    },
    {
      "content": "Garlic adds flavor to many savory dishes."
    },
    {
      "content": "Ostriches are large, flightless birds."
    },
    {
      "content": "Cranberries are tart and used in sauces."
    },
    {
      "content": "Sloths move slowly in trees."
    },
    {
      "content": "Pumpkins are orange and used in pies."
    },
    {
      "content": "Clementines are small, easy-to-peel citrus fruits."
    },
    {
      "content": "Penguins slide on their bellies on ice."
    },
    {
      "content": "Rutabagas are root vegetables with a sweet flavor."
    },
    {
      "content": "Blue whales are the largest animals on Earth."
    },
    {
      "content": "Cucumber is a hydrating and crunchy vegetable."
    },
    {
      "content": "Passion fruit has a unique and tropical taste."
    },
    {
      "content": "Hummingbirds hover and drink nectar from flowers."
    },
    {
      "content": "Chestnuts are nuts that are roasted during winter."
    },
    {
      "content": "Prunes are dried plums with a sweet and tangy taste."
    },
    {
      "content": "Starfish have arms and live in the ocean."
    },
    {
      "content": "Kiwis are small, fuzzy fruits with green flesh."
    },
    {
      "content": "Beetles come in various shapes and colors."
    },
    {
      "content": "Cantaloupes are high in vitamins A and C."
    },
    {
      "content": "Hawks have keen eyesight and hunt for prey."
    },
    {
      "content": "Chestnuts are roasted over an open fire during the holidays."
    },
    {
      "content": "Blackberries can be enjoyed fresh or in desserts."
    },
    {
      "content": "Kangaroos hop and have a pouch for their young."
    },
    {
      "content": "Praying mantises have a distinctive posture."
    },
    {
      "content": "Cranberries are harvested in the fall season."
    },
    {
      "content": "Cicadas create buzzing sounds during the summer."
    },
    {
      "content": "Ladybugs are small beetles with bright colors."
    },
    {
      "content": "Bees are important pollinators for flowers and crops."
    },
    {
      "content": "Caterpillars transform into butterflies."
    },
    {
      "content": "Walnuts have a hard shell and are rich in omega-3 fatty acids."
    },
    {
      "content": "Bears hibernate during the winter months."
    },
    {
      "content": "Horses graze on grass and hay."
    },
    {
      "content": "Koalas eat eucalyptus leaves and are native to Australia."
    },
    {
      "content": "Pomegranates have juicy seeds and are rich in antioxidants."
    },
    {
      "content": "Giraffes have long necks to reach leaves in trees."
    },
    {
      "content": "Pumpkins are often carved into jack-o'-lanterns for Halloween."
    },
    {
      "content": "Squirrels gather nuts and store them for the winter."
    },
    {
      "content": "Hedgehogs have spiky quills for protection."
    },
    {
      "content": "Snails move slowly and carry their shell on their back."
    },
    {
      "content": "Rabbits are known for their long ears and hopping."
    },
    {
      "content": "Frogs have long, sticky tongues to catch insects."
    },
    {
      "content": "Ducks quack and swim in ponds and lakes."
    },
    {
      "content": "Gorillas are large primates that live in groups."
    },
    {
      "content": "Turtles have a protective shell that they can retract into."
    },
    {
      "content": "Hawks are birds of prey that soar in the sky."
    },
    {
      "content": "Kangaroos carry their young in a pouch."
    },
    {
      "content": "Monkeys are agile and swing from branch to branch."
    },
    {
      "content": "Sloths move slowly in trees and sleep for long periods."
    },
    {
      "content": "Owls are nocturnal birds with keen eyesight and a hooting call."
    },
    {
      "content": "Bats are mammals that fly using their wings."
    },
    {
      "content": "Penguins are birds that cannot fly but are excellent swimmers."
    },
    {
      "content": "Elephants have trunks and large, floppy ears."
    },
    {
      "content": "Whales are massive marine mammals that migrate long distances."
    },
    {
      "content": "Cheetahs are fast runners and agile hunters."
    },
    {
      "content": "Foxes are clever and have a bushy tail."
    },
    {
      "content": "Polar bears have white fur and are adapted to cold climates."
    },
    {
      "content": "Honeybees collect nectar from flowers and produce honey."
    },
    {
      "content": "Squirrels are acrobatic and climb trees with ease."
    },
    {
      "content": "Giraffes have long necks and eat leaves from tall trees."
    },
    {
      "content": "Monkeys use their tails for balance and swinging from branches."
    },
    {
      "content": "Lions are the kings of the jungle and have a majestic mane."
    },
    {
      "content": "Gorillas are strong and live in close-knit family groups."
    },
    {
      "content": "Butterflies undergo metamorphosis from caterpillar to adult."
    },
    {
      "content": "Cats are known for their agility, grooming, and independent nature."
    },
    {
      "content": "Elephants are herbivores with a trunk used for various tasks."
    },
    {
      "content": "Giraffes have a unique spotted pattern on their coats."
    },
    {
      "content": "Dolphins are highly intelligent marine mammals that communicate using clicks."
    },
    {
      "content": "Pandas are black and white bears native to China."
    },
    {
      "content": "Kangaroos are marsupials that carry their young in a pouch."
    },
    {
      "content": "Whales are divided into toothed whales and baleen whales."
    },
    {
      "content": "Tigers have distinctive orange fur with black stripes."
    },

    {
      "content": "The sky is a beautiful shade of blue."
    },
    {
      "content": "The sunsets in the evening paint the sky orange and pink."
    },
    {
      "content": "In the garden, I see vibrant red roses and yellow sunflowers."
    },
    {
      "content": "The forest is filled with different shades of green."
    },
    {
      "content": "I wear a cozy brown sweater in the autumn."
    },
    {
      "content": "The snow-covered landscape is pure white in winter."
    },
    {
      "content": "I painted my room a calming shade of lavender."
    },
    {
      "content": "The beach has soft, sandy shores with a touch of beige."
    },
    {
      "content": "My favorite color is a bright and cheerful shade of yellow."
    },
    {
      "content": "In the city, I see buildings with sleek and modern gray facades."
    },
    {
      "content": "The tulips in the garden bloom in various shades of pink."
    },
    {
      "content": "I love the warmth of a cozy, deep-red blanket."
    },
    {
      "content": "The night sky is adorned with twinkling stars and deep blue hues."
    },
    {
      "content": "Sunflowers in the field reach towards the sunny, golden-yellow sky."
    },
    {
      "content": "I wear a classic black suit for special occasions."
    },
    {
      "content": "The ocean reflects different shades of blue on a sunny day."
    },
    {
      "content": "My room has walls painted in a calming shade of seafoam green."
    },
    {
      "content": "I enjoy a cup of warm cocoa in a cozy, cocoa-colored mug."
    },
    {
      "content": "During autumn, the leaves on the trees turn a beautiful shade of russet."
    },
    {
      "content": "The flowers in the meadow include purple and violet hues."
    },
    {
      "content": "My favorite dress is a vibrant shade of coral pink."
    },
    {
      "content": "I have a collection of colorful balloons for celebrations."
    },
    {
      "content": "In the garden, the daffodils bloom in a sunny shade of yellow."
    },
    {
      "content": "The butterfly fluttered by, displaying wings in shades of turquoise and orange."
    },
    {
      "content": "I decorated my room with soft and soothing pastel colors."
    },
    {
      "content": "The city lights at night create a mosaic of neon colors."
    },
    {
      "content": "My favorite scarf is a warm and cozy shade of maroon."
    },
    {
      "content": "The fields in spring are dotted with flowers in various shades of lavender."
    },
    {
      "content": "I find joy in the vibrant colors of a rainbow after the rain."
    },
    {
      "content": "The autumn leaves fall in hues of amber, gold, and burgundy."
    },
    {
      "content": "I appreciate the simplicity of a monochromatic black and white photograph."
    },
    { "content": "Exploring new technologies and innovations fascinates me." },
    {
      "content": "I enjoy attending workshops and conferences to expand my knowledge."
    },
    {
      "content": "Volunteering for charitable causes brings a sense of fulfillment and purpose."
    },
    {
      "content": "I appreciate the beauty of art and often visit galleries and exhibitions."
    },
    {
      "content": "Learning to play a musical instrument has been a lifelong aspiration of mine."
    },
    {
      "content": "Practicing mindfulness and meditation has had a positive impact on my well-being."
    },
    {
      "content": "I am committed to sustainable living and reducing my environmental footprint."
    },
    {
      "content": "I find solace in spending time outdoors, surrounded by nature's beauty."
    },
    {
      "content": "I value empathy and strive to understand different perspectives."
    },
    { "content": "Building a personal library is one of my ongoing passions." },
    {
      "content": "I enjoy engaging in intellectual conversations with diverse groups of people."
    },
    {
      "content": "Setting aside time for self-reflection is an integral part of my routine."
    },
    {
      "content": "I believe in the power of kindness and its ripple effect in the world."
    },
    {
      "content": "Attending cultural events allows me to appreciate the richness of human expression."
    },
    {
      "content": "I am curious about the mysteries of the cosmos and follow astronomical discoveries."
    },
    {
      "content": "I believe in fostering a growth mindset and embracing challenges."
    },
    {
      "content": "Sustainable practices, such as recycling and conserving energy, are important to me."
    },
    {
      "content": "I am passionate about promoting education and creating opportunities for others."
    },
    {
      "content": "Exploring diverse cuisines is a culinary adventure I embark on regularly."
    },
    {
      "content": "I believe in the transformative power of literature and storytelling."
    },
    {
      "content": "I find joy in exploring new places and immersing myself in different cultures."
    },
    {
      "content": "I am dedicated to continuous learning and expanding my skill set."
    },
    {
      "content": "I value the interconnectedness of all living beings and the importance of compassion."
    },
    {
      "content": "Maintaining a healthy work-life balance is essential for overall well-being."
    },
    {
      "content": "I believe in the potential for positive change through collective efforts."
    },
    {
      "content": "I am inspired by individuals who overcome adversity and make a positive impact."
    },
    {
      "content": "I find fulfillment in contributing to projects that align with my values and beliefs."
    },
    {
      "content": "Engaging in philanthropy and giving back to the community is a meaningful pursuit."
    },
    {
      "content": "I build castles with building blocks and pretend to be a king or queen."
    },
    {
      "content": "In my free time, I enjoy reading novels and exploring different genres."
    },
    {
      "content": "As a hobby, I like to experiment with cooking and try out new recipes."
    },
    {
      "content": "Traveling allows me to experience different cultures and broaden my perspective."
    },
    {
      "content": "One of my favorite sports is hiking, and I love exploring scenic trails."
    },
    {
      "content": "I believe that continuous learning is essential for personal and professional growth."
    },
    {
      "content": "Staying organized helps me manage my time and achieve my goals efficiently."
    },
    {
      "content": "Expressing creativity through writing allows me to share my thoughts and ideas."
    },
    {
      "content": "I find inspiration in nature and often take long walks to clear my mind."
    },
    {
      "content": "Mindfulness meditation has become a daily practice for maintaining mental well-being."
    },
    {
      "content": "Participating in community service activities gives me a sense of purpose."
    },
    {
      "content": "I value open-mindedness and appreciate diverse perspectives in discussions."
    },
    {
      "content": "Balancing work and personal life is crucial for a healthy lifestyle."
    },
    {
      "content": "Setting realistic goals helps me stay focused and motivated."
    },
    {
      "content": "Practicing gratitude allows me to appreciate the small joys in life."
    },
    {
      "content": "I enjoy attending live performances, such as concerts and theater shows."
    },
    {
      "content": "Effective communication is a key skill in building strong relationships."
    },
    {
      "content": "Maintaining a healthy work-life balance contributes to overall well-being."
    },
    {
      "content": "Continuous self-improvement is a journey that I am committed to."
    },
    {
      "content": "I believe in the power of teamwork and collaboration for achieving success."
    },
    {
      "content": "Exploring different cuisines is a delightful adventure for my taste buds."
    },
    {
      "content": "Cultivating a positive mindset is essential for overcoming challenges."
    },
    {
      "content": "I am passionate about environmental conservation and sustainable living."
    },
    {
      "content": "Learning to play a musical instrument has been a fulfilling experience for me."
    },
    {
      "content": "Engaging in critical thinking exercises sharpens my problem-solving skills."
    },
    {
      "content": "Regular exercise is an integral part of my health and fitness routine."
    },
    {
      "content": "Adapting to change is a skill that I continuously develop in my professional life."
    },
    {
      "content": "I believe in the importance of lifelong learning for personal growth."
    },
    {
      "content": "Reflecting on my experiences helps me gain valuable insights and wisdom."
    },
    {
      "content": "Building meaningful connections with others enriches the quality of my life."
    },
    {
      "content": "Exploring diverse cuisines allows me to appreciate different culinary traditions."
    },
    {
      "content": "I organize a monthly movie night with friends to discuss our favorite films."
    },
    {
      "content": "I engage in mindfulness practices such as meditation and deep breathing."
    },
    {
      "content": "I've started a blog to share my thoughts on literature and book reviews."
    },
    {
      "content": "Learning to play a musical instrument has been a fulfilling journey for me."
    },
    {
      "content": "I am passionate about photography and capturing beautiful moments."
    },
    {
      "content": "I participate in charity runs to support causes I believe in."
    },
    {
      "content": "My goal is to read a book from every country and learn about its culture."
    },
    {
      "content": "I've taken up painting as a form of self-expression and relaxation."
    },
    {
      "content": "I practice yoga to maintain physical and mental well-being."
    },
    {
      "content": "Attending live performances, such as concerts and plays, is a favorite pastime."
    },
    { "content": "I've started a small garden to grow herbs and vegetables." },
    {
      "content": "I'm learning a new language to connect with people from different backgrounds."
    },
    {
      "content": "I believe in the power of positive affirmations for personal growth."
    },
    {
      "content": "I volunteer at a local animal shelter to care for and rescue animals."
    },
    {
      "content": "Traveling has broadened my perspective and enriched my life."
    },
    {
      "content": "I participate in a monthly book club to discuss literature with fellow readers."
    },
    {
      "content": "I enjoy experimenting with cooking and creating unique recipes."
    },
    {
      "content": "I practice daily gratitude to cultivate a positive mindset."
    },
    { "content": "I've taken up hiking to explore nature and stay active." },
    {
      "content": "Last summer, I traveled to different countries and experienced new cultures."
    },
    {
      "content": "I participate in a book club where we discuss our favorite novels."
    },
    {
      "content": "Learning to play a musical instrument has been a fulfilling journey for me."
    },
    { "content": "I volunteer at a local shelter to help those in need." },
    {
      "content": "In my free time, I experiment with cooking and try new recipes."
    },
    {
      "content": "I believe that education is the key to personal and societal growth."
    },
    {
      "content": "Staying physically active is important to maintain a healthy lifestyle."
    },
    {
      "content": "I am passionate about environmental sustainability and practice eco-friendly habits."
    },
    {
      "content": "I enjoy solving puzzles and challenging myself with brain games."
    },
    {
      "content": "Cultivating mindfulness through meditation has positively impacted my life."
    },
    { "content": "Exploring the world of science has always fascinated me." },
    {
      "content": "In my spare time, I delve into the intricacies of classical literature."
    },
    {
      "content": "Cooking has become a creative outlet, and I experiment with diverse cuisines."
    },
    {
      "content": "Travelling allows me to immerse myself in various cultures and traditions."
    },
    {
      "content": "Hiking through nature trails brings a sense of tranquility and adventure."
    },
    {
      "content": "The pursuit of knowledge is a lifelong journey that I am committed to."
    },
    {
      "content": "Staying organized is the key to balancing a busy and productive life."
    },
    {
      "content": "Expressing thoughts through writing is a powerful form of self-expression."
    },
    {
      "content": "Nature serves as a constant source of inspiration and reflection for me."
    },
    {
      "content": "Mindfulness meditation has become an integral part of my daily routine."
    },
    {
      "content": "Collaborating with diverse teams enhances creativity and innovation."
    },
    {
      "content": "Learning a new language opens doors to understanding different cultures."
    },
    {
      "content": "Volunteering for community projects brings a sense of purpose and fulfillment."
    },
    {
      "content": "Capturing moments through photography is a passion that I cherish."
    },
    {
      "content": "Balancing work and personal life requires effective time management."
    },
    {
      "content": "Engaging in intellectual conversations broadens my perspectives."
    },
    {
      "content": "Maintaining a healthy lifestyle includes regular exercise and nutritious meals."
    },
    {
      "content": "The pursuit of excellence is a guiding principle in my professional journey."
    },
    {
      "content": "Networking events provide opportunities for professional growth and connections."
    },
    { "content": "The world of technology continues to amaze and inspire me." },
    {
      "content": "Reading biographies of influential figures fuels my ambition and motivation."
    },
    {
      "content": "Artistic expression, such as painting and drawing, is a form of therapy for me."
    },
    {
      "content": "Investing time in continuous learning contributes to personal and career development."
    },
    {
      "content": "Building meaningful relationships is an essential aspect of a fulfilling life."
    },
    {
      "content": "Embracing change is a mindset that facilitates personal growth."
    },
    { "content": "Practicing gratitude fosters a positive outlook on life." },
    {
      "content": "Taking on challenges with resilience is a skill I continually cultivate."
    },
    {
      "content": "Sustainability practices, such as recycling, align with my environmental values."
    },
    {
      "content": "Effective communication is the cornerstone of successful relationships."
    },
    {
      "content": "Exploring new horizons and stepping out of comfort zones leads to self-discovery."
    },
    {
      "content": "Adopting a growth mindset fosters a willingness to learn from every experience."
    },
    {
      "content": "Contribution to social causes and philanthropy is a responsibility I embrace."
    },
    {
      "content": "Engaging in regular physical exercise contributes to overall well-being."
    },
    {
      "content": "Cultivating a positive mindset serves as a foundation for overcoming challenges."
    },
    {
      "content": "Striving for work-life balance ensures a holistic approach to success."
    },
    {
      "content": "Continuous self-improvement is a journey I am dedicated to."
    },
    {
      "content": "Building a personal brand involves authenticity and consistent values."
    },
    {
      "content": "Networking with professionals in the industry facilitates knowledge exchange."
    },
    {
      "content": "Art appreciation, including visiting galleries, enriches my cultural experiences."
    },
    {
      "content": "Effective project management involves strategic planning and adaptability."
    },
    {
      "content": "The pursuit of happiness is intertwined with gratitude and contentment."
    },
    {
      "content": "Cultural diversity is a source of strength and collective wisdom."
    },
    {
      "content": "Practicing mindfulness meditation enhances focus and mental clarity."
    },
    {
      "content": "Achieving work-life balance requires setting clear boundaries and priorities."
    },
    {
      "content": "Continuous learning keeps the mind sharp and curiosity alive."
    },
    {
      "content": "Leadership involves empathy, effective communication, and strategic decision-making."
    },
    {
      "content": "Environmental sustainability is a shared responsibility for future generations."
    },
    {
      "content": "Team collaboration fosters creativity and innovation in the workplace."
    },
    {
      "content": "The journey of self-discovery leads to a deeper understanding of one's purpose."
    },
    {
      "content": "Strategic planning is essential for achieving both short-term and long-term goals."
    }
  ],
  "advanced": [
    {
      "content": "Anthocyanins give blueberries their rich purple color."
    },
    {
      "content": "The chameleon's ability to change color is due to chromatophores."
    },
    {
      "content": "The mantis shrimp has complex color vision and can see polarized light."
    },
    {
      "content": "The color of a peacock's feathers is a result of microscopic crystal-like structures."
    },
    {
      "content": "Chlorophyll, responsible for the green color in plants, is essential for photosynthesis."
    },
    {
      "content": "The genetics of coat color in horses involve multiple genes and complex inheritance patterns."
    },
    {
      "content": "The iridescent colors of a hummingbird's plumage are due to microscopic platelets."
    },
    {
      "content": "Coral reefs showcase a vibrant array of colors, thanks to the various coral species."
    },
    {
      "content": "The golden poison dart frog's vibrant color warns predators of its toxicity."
    },
    {
      "content": "In the animal kingdom, coloration serves various functions, including camouflage and communication."
    },
    {
      "content": "The coloration of butterflies is influenced by pigments and structural coloration."
    },
    {
      "content": "The rare albino alligator lacks pigmentation, resulting in a white appearance."
    },
    {
      "content": "Vegetables with dark green coloration often indicate higher nutrient content."
    },
    {
      "content": "Purple carrots contain anthocyanins, providing health benefits and a unique color."
    },
    {
      "content": "The orange hue of sweet potatoes is due to high beta-carotene content."
    },
    {
      "content": "The diversity of fruit colors corresponds to different antioxidant compounds."
    },
    {
      "content": "The antioxidant lycopene gives tomatoes their red color and offers health benefits."
    },
    {
      "content": "The genetics of flower color in plants involve multiple interacting genes."
    },
    {
      "content": "Mangoes, with their yellow-orange color, are rich in vitamins and antioxidants."
    },
    {
      "content": "The vibrant red color of raspberries is attributed to anthocyanin pigments."
    },
    {
      "content": "Color-changing octopuses use specialized cells called chromatophores for camouflage."
    },
    {
      "content": "The white color of mushrooms is due to the presence of the pigment tyrosinase."
    },
    {
      "content": "Eggplants, with their deep purple color, contain beneficial antioxidants."
    },
    {
      "content": "Carotenoids are responsible for the orange color of carrots and pumpkins."
    },
    {
      "content": "The black stripes on a zebra serve as a form of disruptive coloration for protection."
    },
    {
      "content": "The complex coloration of cuttlefish is achieved through chromatophores and iridophores."
    },
    {
      "content": "Color patterns in snakes play a role in both predation and defense."
    },
    {
      "content": "The coloration of agate stones is a result of mineral impurities and inclusions."
    },
    {
      "content": "Fruits like pomegranates exhibit a deep red color due to anthocyanin pigments."
    },
    {
      "content": "The camouflage of the snowshoe hare changes with the seasons to blend into its environment."
    },
    {
      "content": "The black coloration of penguins' feathers helps absorb and retain heat."
    },
    {
      "content": "The vibrant hues of parrots are attributed to both pigments and structural colors."
    },
    {
      "content": "The coloration of a peacock's tail feathers is a result of microscopic crystal-like structures."
    },
    {
      "content": "The bioluminescence of certain jellyfish species produces an otherworldly blue glow."
    },
    {
      "content": "The brilliant colors of the coral reef are vital for attracting mates and deterring predators."
    },
    {
      "content": "The diverse colors of beetles are often due to pigments and microscopic structures."
    },
    {
      "content": "The coloration of a butterfly's wings serves various ecological functions, including mate selection."
    },
    {
      "content": "The color-changing abilities of cuttlefish contribute to their exceptional hunting strategies."
    },
    {
      "content": "Flamingos get their pink color from pigments in the food they consume, such as carotenoids."
    },
    {
      "content": "Color perception in animals varies based on the presence of different types of photoreceptor cells."
    },
    {
      "content": "The rainbow lorikeet displays a stunning array of colors in its plumage."
    },
    {
      "content": "The vibrant colors of corals are a result of symbiotic relationships with algae."
    },
    {
      "content": "The coloration of a peacock spider's abdomen is an integral part of its courtship display."
    },
    {
      "content": "Fruits like oranges and lemons have citric acid, contributing to their tart flavor."
    },
    {
      "content": "The antioxidant anthocyanin in blueberries is associated with cognitive benefits."
    },
    {
      "content": "The vibrant colors of sunsets result from the scattering of sunlight in the Earth's atmosphere."
    },
    {
      "content": "Carrots come in various colors, including purple, red, yellow, and white."
    },
    {
      "content": "The pigments responsible for the red color of strawberries have antioxidant properties."
    },
    {
      "content": "The varied colors of agate stones are prized for their aesthetic appeal."
    },
    {
      "content": "The unique coloration of poison dart frogs serves as a warning to potential predators."
    },
    {
      "content": "The brown color of coffee beans is a result of the Maillard reaction during roasting."
    },
    {
      "content": "Color-changing octopuses use chromatophores to communicate and express emotions."
    },
    {
      "content": "The coloration of a peacock's feathers is influenced by both pigments and microscopic structures."
    },
    {
      "content": "Beetles in the family Buprestidae are known for their striking metallic colors."
    },
    {
      "content": "The purple color of grapes is associated with the presence of resveratrol."
    },
    {
      "content": "The coloration of a seahorse allows it to blend seamlessly into its underwater environment."
    },
    {
      "content": "The color patterns of coral snakes serve as a warning to potential predators."
    },
    {
      "content": "Papayas, with their vibrant orange color, are rich in vitamins and enzymes."
    },
    {
      "content": "The deep red color of beets is due to betalains, which have antioxidant properties."
    },
    {
      "content": "The coloration of peacock feathers results from both pigments and microscopic structures."
    },
    {
      "content": "The white color of cauliflower is due to the presence of anthoxanthins."
    },
    {
      "content": "The orange hue of cantaloupes is due to the presence of beta-carotene."
    },
    {
      "content": "The blue color of blueberries is attributed to anthocyanin pigments."
    },
    {
      "content": "The green color of lettuce indicates a high chlorophyll content."
    },
    {
      "content": "The coloration of a poison dart frog serves as a visual warning to predators."
    },
    {
      "content": "The vibrant colors of peacock spiders play a crucial role in their courtship rituals."
    },
    {
      "content": "The black and white coloration of zebras serves as a form of disruptive coloration."
    },
    {
      "content": "The purple color of cabbage is due to the presence of anthocyanin pigments."
    },
    {
      "content": "The orange color of pumpkins is attributed to the presence of carotenoids."
    },
    {
      "content": "The brown color of hazelnuts is due to the presence of tannins."
    },
    {
      "content": "The bright yellow color of lemons is associated with their tart flavor."
    },
    {
      "content": "The coloration of a coral snake serves as a warning to potential predators."
    },
    {
      "content": "The red color of radishes is due to the presence of anthocyanin pigments."
    },
    {
      "content": "The yellow color of squash is attributed to the presence of carotenoids."
    },
    {
      "content": "The green color of olives is due to the presence of chlorophyll."
    },
    {
      "content": "The deep red color of cherries is associated with the presence of anthocyanins."
    },
    {
      "content": "The orange color of tangerines is due to the presence of carotenoids."
    },
    {
      "content": "The pink color of watermelon is due to the presence of lycopene."
    },
    {
      "content": "The red color of strawberries is attributed to anthocyanin pigments."
    },
    {
      "content": "The deep purple color of grapes is due to the presence of anthocyanins."
    },
    {
      "content": "The intricacies of quantum mechanics challenge our understanding of reality."
    },
    {
      "content": "Political ideologies often shape the course of nations and their destinies."
    },
    {
      "content": "The fusion of art and technology has given rise to groundbreaking innovations."
    },
    {
      "content": "Environmental sustainability requires a collective effort to address global challenges."
    },
    {
      "content": "The exponential growth of artificial intelligence raises ethical concerns and possibilities."
    },
    {
      "content": "In the realm of philosophy, existentialism delves into the essence of human existence."
    },
    {
      "content": "Literary masterpieces provide profound insights into the human condition and psyche."
    },
    {
      "content": "Advancements in neuroscience unravel the mysteries of the human brain and cognition."
    },
    {
      "content": "The interplay of socio-economic factors shapes the dynamics of modern societies."
    },
    {
      "content": "The exploration of outer space expands our cosmic perspective and technological capabilities."
    },
    {
      "content": "Cinematic works serve as a reflection of societal norms and cultural evolution."
    },
    {
      "content": "The globalization of economies fosters interconnectedness and diverse cultural exchanges."
    },
    {
      "content": "Philanthropy plays a pivotal role in addressing social inequalities and promoting justice."
    },
    {
      "content": "The study of linguistics unravels the intricacies of language structure and evolution."
    },
    {
      "content": "Psychological phenomena shed light on the complexities of human behavior and cognition."
    },
    {
      "content": "The field of bioinformatics revolutionizes healthcare through data-driven approaches."
    },
    {
      "content": "Economic theories navigate the complexities of supply and demand dynamics in markets."
    },
    {
      "content": "The principles of sustainable architecture integrate environmental considerations into design."
    },
    {
      "content": "Societal shifts towards renewable energy sources mark a crucial step in environmental conservation."
    },
    {
      "content": "The nexus between technology and privacy raises profound questions about digital ethics."
    },
    {
      "content": "The study of quantum physics challenges traditional notions of causality and determinism."
    },
    {
      "content": "The integration of mindfulness practices enhances mental well-being and cognitive performance."
    },
    {
      "content": "Contemporary art pushes the boundaries of expression and challenges conventional aesthetics."
    },
    {
      "content": "The study of history provides insights into the evolution of civilizations and human progress."
    },
    {
      "content": "The field of genetics holds the key to unraveling the mysteries of heredity and genetic disorders."
    },
    {
      "content": "The interdisciplinary nature of environmental science addresses complex ecological challenges."
    },
    {
      "content": "Political discourse shapes public opinion and influences policy decisions in democracies."
    },
    {
      "content": "Technological disruptions reshape industries and redefine the future of work and commerce."
    },
    {
      "content": "The synthesis of Eastern and Western philosophies fosters a holistic understanding of existence."
    },
    {
      "content": "The exploration of the cosmos leads to discoveries that challenge our perceptions of the universe."
    },
    {
      "content": "The principles of sustainable agriculture promote ecological resilience and food security."
    },
    {
      "content": "The intersection of artificial intelligence and ethics navigates the responsible use of technology."
    },
    {
      "content": "Literary criticism delves into the nuances of narrative structure, symbolism, and cultural context."
    },
    {
      "content": "The study of macroeconomics analyzes the broader economic factors that impact societies."
    },
    {
      "content": "The field of neuroscience explores the intricate connections between the brain and human behavior."
    },
    {
      "content": "Global geopolitics shapes international relations and influences the course of world events."
    },
    {
      "content": "The exploration of marine biology unveils the diverse and interconnected ecosystems of the oceans."
    },
    {
      "content": "Ethical considerations in scientific research uphold the integrity and trustworthiness of discoveries."
    },
    {
      "content": "The dynamics of social psychology examine the impact of societal influences on individual behavior."
    },
    {
      "content": "The principles of macroeconomics analyze the broader economic factors that shape societies."
    },
    {
      "content": "Cultural anthropology provides insights into the diversity of human societies and traditions."
    },
    {
      "content": "The interdisciplinary study of bioinformatics transforms the landscape of medical research."
    },
    {
      "content": "Contemporary geopolitics navigates the power dynamics and strategic interests of nations."
    },
    {
      "content": "The synthesis of philosophy and science fosters a nuanced understanding of reality."
    },
    {
      "content": "Economic theories elucidate the mechanisms that drive economic growth and development."
    },
    {
      "content": "The exploration of quantum physics challenges our understanding of the fundamental nature of reality."
    },
    {
      "content": "The interdisciplinary field of environmental science addresses complex ecological challenges."
    },
    {
      "content": "Cinematic works serve as a reflection of societal norms, cultural evolution, and artistic expression."
    },
    {
      "content": "The study of linguistics unravels the intricacies of language structure, evolution, and cultural significance."
    },
    {
      "content": "The integration of mindfulness practices enhances mental well-being, cognitive performance, and emotional intelligence."
    },
    {
      "content": "Philosophical inquiry delves into the fundamental questions of existence, morality, and the nature of reality."
    },
    {
      "content": "The principles of sustainable architecture integrate environmental considerations into design, urban planning, and construction."
    },
    {
      "content": "Societal shifts towards renewable energy sources mark a crucial step in environmental conservation and climate change mitigation."
    },
    {
      "content": "The nexus between technology and privacy raises profound questions about digital ethics, surveillance, and the balance between innovation and individual rights."
    },
    {
      "content": "The study of quantum physics challenges traditional notions of causality, determinism, and the nature of particles at the subatomic level."
    },
    {
      "content": "The interdisciplinary nature of environmental science addresses complex ecological challenges, from biodiversity loss and deforestation to climate change and pollution."
    },
    {
      "content": "Political discourse shapes public opinion and influences policy decisions in democracies, exploring ideologies, power dynamics, and the role of media in shaping public perception."
    },
    {
      "content": "Technological disruptions reshape industries and redefine the future of work and commerce, examining automation, artificial intelligence, and the societal implications of rapid technological advancements."
    },
    {
      "content": "The synthesis of Eastern and Western philosophies fosters a holistic understanding of existence, exploring philosophical traditions, spiritual practices, and the pursuit of meaning and purpose."
    },
    {
      "content": "The exploration of the cosmos leads to discoveries that challenge our perceptions of the universe, from black holes and dark matter to the origins of the cosmos and the search for extraterrestrial life."
    },
    {
      "content": "The principles of sustainable agriculture promote ecological resilience and food security, addressing issues such as soil health, water conservation, and the environmental impact of modern farming practices."
    },
    {
      "content": "The intersection of artificial intelligence and ethics navigates the responsible use of technology, examining ethical considerations in machine learning, data privacy, and the societal impact of AI systems."
    },
    {
      "content": "Literary criticism delves into the nuances of narrative structure, symbolism, and cultural context, analyzing works of literature from various genres, time periods, and cultural perspectives."
    },
    {
      "content": "The study of macroeconomics analyzes the broader economic factors that impact societies, including inflation, unemployment, economic growth, and the role of government in managing economic stability."
    },
    {
      "content": "The field of neuroscience explores the intricate connections between the brain and human behavior, investigating topics such as neuroplasticity, neural networks, and the biological basis of cognitive processes."
    },
    {
      "content": "Global geopolitics shapes international relations and influences the course of world events, examining diplomatic strategies, geopolitical conflicts, and the role of global institutions in maintaining peace and stability."
    },
    {
      "content": "The exploration of marine biology unveils the diverse and interconnected ecosystems of the oceans, studying marine organisms, coral reefs, and the impact of human activities on marine environments."
    },
    {
      "content": "Ethical considerations in scientific research uphold the integrity and trustworthiness of discoveries, addressing issues such as research ethics, scientific misconduct, and the responsible conduct of research."
    },
    {
      "content": "The dynamics of social psychology examine the impact of societal influences on individual behavior, exploring topics such as social cognition, group dynamics, and the psychological mechanisms underlying social interactions."
    },
    {
      "content": "The principles of macroeconomics analyze the broader economic factors that shape societies, including monetary policy, fiscal policy, and the global economic system's interconnected nature."
    },
    {
      "content": "Cultural anthropology provides insights into the diversity of human societies and traditions, examining cultural practices, rituals, and the ways in which societies adapt to their environments."
    },
    {
      "content": "The interdisciplinary study of bioinformatics transforms the landscape of medical research, utilizing computational tools and techniques to analyze biological data, unravel genetic codes, and advance personalized medicine."
    },
    {
      "content": "Contemporary geopolitics navigates the power dynamics and strategic interests of nations, exploring issues such as international diplomacy, conflicts, and the role of superpowers in shaping global affairs."
    },
    {
      "content": "The synthesis of philosophy and science fosters a nuanced understanding of reality, bridging the gap between abstract philosophical inquiry and empirical scientific exploration."
    },
    {
      "content": "Economic theories elucidate the mechanisms that drive economic growth and development, exploring concepts such as supply and demand, market structures, and economic policies' impact on societies."
    },
    {
      "content": "The exploration of quantum physics challenges our understanding of the fundamental nature of reality, delving into phenomena such as quantum entanglement, superposition, and the wave-particle duality of subatomic particles."
    },
    {
      "content": "The interdisciplinary field of environmental science addresses complex ecological challenges, from biodiversity loss and deforestation to climate change and pollution, requiring integrated approaches for sustainable environmental management."
    },
    {
      "content": "Cinematic works serve as a reflection of societal norms, cultural evolution, and artistic expression, exploring diverse narratives, perspectives, and the impact of cinema on shaping collective consciousness."
    },
    {
      "content": "The study of linguistics unravels the intricacies of language structure, evolution, and cultural significance, exploring the diversity of languages, linguistic universals, and the ways language shapes human communication."
    },
    {
      "content": "The integration of mindfulness practices enhances mental well-being, cognitive performance, and emotional intelligence, emphasizing mindfulness meditation's benefits for stress reduction, focus, and emotional regulation."
    },
    {
      "content": "Philosophical inquiry delves into the fundamental questions of existence, morality, and the nature of reality, examining diverse philosophical traditions, ethical frameworks, and the search for meaning in human existence."
    },
    {
      "content": "The principles of sustainable architecture integrate environmental considerations into design, urban planning, and construction, promoting eco-friendly building practices, energy efficiency, and sustainable urban development."
    },
    {
      "content": "Societal shifts towards renewable energy sources mark a crucial step in environmental conservation and climate change mitigation, necessitating a transition from fossil fuels to sustainable and clean energy solutions."
    },
    {
      "content": "The nexus between technology and privacy raises profound questions about digital ethics, surveillance, and the balance between innovation and individual rights, demanding ethical frameworks for responsible technology development and use."
    },
    {
      "content": "The study of quantum physics challenges traditional notions of causality, determinism, and the nature of particles at the subatomic level, exploring quantum phenomena's implications for our understanding of reality and the universe."
    },
    {
      "content": "The interdisciplinary nature of environmental science addresses complex ecological challenges, from biodiversity loss and deforestation to climate change and pollution, requiring innovative solutions to ensure the sustainability of the planet."
    },
    {
      "content": "Political discourse shapes public opinion and influences policy decisions in democracies, exploring ideologies, power dynamics, and the role of media in shaping public perception, highlighting the interconnectedness of politics and society."
    },
    {
      "content": "Technological disruptions reshape industries and redefine the future of work and commerce, examining automation, artificial intelligence, and the societal implications of rapid technological advancements, emphasizing the need for adaptability and ethical considerations."
    },
    {
      "content": "Artificial intelligence is revolutionizing industries and reshaping the future."
    },
    {
      "content": "The ethical considerations of genetic engineering raise complex moral dilemmas."
    },
    {
      "content": "Quantum computing has the potential to solve problems that were once deemed unsolvable."
    },
    {
      "content": "The intersection of technology and healthcare is paving the way for groundbreaking innovations."
    },
    {
      "content": "Neuroplasticity research indicates the brain's remarkable ability to adapt and change."
    },
    {
      "content": "Space exploration offers insights into the origins of the universe and the possibility of life beyond Earth."
    },
    {
      "content": "Sustainable urban planning is crucial for addressing the challenges of rapid urbanization."
    },
    {
      "content": "Theories of multiverse propose fascinating concepts about the existence of parallel universes."
    },
    {
      "content": "Blockchain technology has implications beyond cryptocurrencies, influencing various industries."
    },
    {
      "content": "The study of dark matter and dark energy continues to unravel the mysteries of the cosmos."
    },
    {
      "content": "Epigenetics explores the influence of environmental factors on genetic expression."
    },
    {
      "content": "The philosophy of existentialism delves into questions of existence, freedom, and individual responsibility."
    },
    {
      "content": "The principles of chaos theory highlight the sensitivity of complex systems to initial conditions."
    },
    {
      "content": "Postmodern literature challenges traditional narrative structures and perspectives."
    },
    {
      "content": "The implications of nanotechnology span from medicine to materials science and beyond."
    },
    {
      "content": "Cognitive neuroscience investigates the neural basis of human perception, memory, and consciousness."
    },
    {
      "content": "Futurism as an art movement captures the dynamism and speed of modern technological society."
    },
    {
      "content": "The geopolitical landscape undergoes constant shifts, influencing global power dynamics."
    },
    {
      "content": "Postcolonial theory examines the lasting effects of colonialism on culture and identity."
    },
    {
      "content": "Advancements in renewable energy technologies play a vital role in combating climate change."
    },
    {
      "content": "The philosophy of transhumanism explores the ethical implications of human enhancement technologies."
    },
    {
      "content": "The integration of biotechnology and bioinformatics accelerates progress in genomics research."
    },
    {
      "content": "Astrophysics unravels the mysteries of celestial objects, from black holes to neutron stars."
    },
    {
      "content": "The study of quantum entanglement reveals the interconnected nature of particles across vast distances."
    },
    {
      "content": "Environmental ethics grapple with the ethical considerations of human interaction with the environment."
    },
    {
      "content": "The field of synthetic biology aims to engineer biological systems for practical purposes."
    },
    {
      "content": "The philosophy of phenomenology delves into the nature of consciousness and lived experience."
    },
    {
      "content": "Ethics in artificial intelligence focuses on ensuring responsible and fair AI development."
    },
    {
      "content": "Theories of poststructuralism challenge conventional notions of language, power, and reality."
    },
    {
      "content": "The concept of posthumanism explores the evolving relationship between humans and technology."
    },
    {
      "content": "The exploration of nanotechnology holds promise for revolutionary advancements."
    },
    {
      "content": "Promoting sustainable agriculture is crucial for environmental conservation."
    },
    {
      "content": "The fusion of technology and healthcare leads to innovative medical solutions."
    },
    {
      "content": "Understanding quantum mechanics challenges our perceptions of reality."
    },
    {
      "content": "The study of artificial intelligence raises ethical considerations for the future."
    },
    {
      "content": "Space colonization necessitates interdisciplinary collaboration and research."
    },
    {
      "content": "Socioeconomic disparities require systemic changes for lasting solutions."
    },
    {
      "content": "The impact of social media on mental health warrants thoughtful examination."
    },
    {
      "content": "Crisis management strategies play a vital role in organizational resilience."
    },
    {
      "content": "Advancements in renewable energy are essential for mitigating climate change."
    },
    {
      "content": "The study of philosophy provides insights into the nature of consciousness."
    },
    {
      "content": "The role of empathy in leadership fosters inclusive and effective teams."
    },
    {
      "content": "The ethical implications of genetic engineering require ongoing ethical discourse."
    },
    {
      "content": "Environmental conservation demands global cooperation and policy initiatives."
    },
    {
      "content": "The principles of emotional intelligence contribute to effective interpersonal relationships."
    },
    {
      "content": "The role of art in societal reflection and critique is essential for cultural evolution."
    },
    {
      "content": "Understanding the nuances of cultural diversity enhances global interconnectedness."
    },
    {
      "content": "The exploration of deep learning algorithms transforms various industries."
    },
    {
      "content": "The study of political philosophy informs perspectives on governance and justice."
    },
    {
      "content": "The pursuit of sustainable business practices aligns with societal and environmental goals."
    },
    {
      "content": "Artificial intelligence has the potential to transform healthcare by improving diagnostics."
    },
    {
      "content": "The exploration of outer space opens up new possibilities for human colonization."
    },
    {
      "content": "The impact of climate change requires urgent global cooperation and sustainable practices."
    },
    {
      "content": "As technology advances, the ethical considerations of data privacy become increasingly crucial."
    },
    {
      "content": "The intersection of art and technology leads to innovative and thought-provoking creations."
    },
    {
      "content": "Understanding diverse perspectives is essential for fostering inclusive and harmonious societies."
    },
    {
      "content": "The pursuit of lifelong learning enhances personal development and adaptability."
    },
    {
      "content": "Promoting gender equality is a fundamental step towards achieving a just and equitable world."
    },
    {
      "content": "Global economic shifts necessitate agile strategies for businesses to thrive."
    },
    {
      "content": "The study of philosophy provides valuable insights into the nature of existence and morality."
    },
    {
      "content": "Exploring the intricacies of quantum physics captivates my intellectual curiosity."
    },
    {
      "content": "Contributing to groundbreaking research in artificial intelligence is my passion."
    },
    {
      "content": "Delving into philosophical discourse fuels my pursuit of profound insights."
    },
    {
      "content": "Conducting experiments in molecular biology is a fulfilling aspect of my career."
    },
    {
      "content": "Architecting scalable and secure systems is a challenge I embrace as a software engineer."
    },
    {
      "content": "Navigating the complexities of international law is central to my role as a legal professional."
    },
    {
      "content": "Leading cross-functional teams in global corporations requires strategic acumen."
    },
    {
      "content": "Analyzing geopolitical trends and their impact on economies is a focal point of my research."
    },
    {
      "content": "Curating art exhibitions allows me to showcase diverse artistic expressions."
    },
    {
      "content": "Formulating and implementing public policies is a responsibility I shoulder with diligence."
    },
    {
      "content": "Researching cutting-edge medical treatments advances my commitment to healthcare."
    },
    {
      "content": "Designing sustainable urban environments is a cornerstone of my architectural endeavors."
    },
    {
      "content": "Negotiating complex business deals demands a nuanced understanding of market dynamics."
    },
    {
      "content": "Creating symphonies as a composer allows me to channel emotions through music."
    },
    {
      "content": "Interpreting classical literature in multiple languages broadens my cultural understanding."
    },
    {
      "content": "Applying mathematical models to solve real-world problems is a challenge I relish."
    },
    {
      "content": "Collaborating with Nobel laureates in scientific research elevates my academic pursuits."
    },
    {
      "content": "Innovating disruptive technologies as an entrepreneur defines my professional journey."
    }
  ]
}
